address_id,delivery_address1,delivery_address2,delivery_city,delivery_zipcode
1,Ap #589-3031 Nulla Avenue,,South Burlington,71661
2,386-1207 Nunc Ave,,Paradise,66212
3,Ap #348-8051 Aliquam Avenue,,Bangor,99845
4,3801 Nam Rd.,,Kailua,92210
5,"982-7423 A, Av.",,Burlington,92552
6,207-9077 Mauris Av.,,Tulsa,31431
7,"316-6119 Eu, Rd.",,Omaha,15882
8,"P.O. Box 995, 1860 Arcu Ave",,Harrisburg,85652
9,"P.O. Box 863, 3902 Mauris Ave",,Tampa,25837
10,373-3757 Ante Av.,,Cincinnati,40867
11,794-4318 Nulla Avenue,,Henderson,38428
12,Ap #534-8425 Nisi. Road,,Henderson,71656
13,"P.O. Box 595, 1158 Volutpat. Rd.",,Aurora,50362
14,Ap #339-2108 Nibh Rd.,,Tulsa,51164
15,446-8199 Vehicula Road,,Duluth,12157
16,526-9109 Cursus Rd.,,Bloomington,62046
17,Ap #247-8262 Mauris Ave,,Nashville,38462
18,"Ap #755-6733 Nec, Avenue",,Virginia Beach,59458
19,618-4880 Magna. Avenue,,Georgia,99986
20,Ap #493-2430 Proin Rd.,,Rockford,27072
21,Ap #693-3515 Etiam Road,,Birmingham,86702
22,180-8074 Augue Rd.,,Bellevue,13244
23,452 Quis Street,,Lakewood,71741
24,Ap #936-4318 Rutrum Road,,St. Petersburg,44654
25,170-5372 Consectetuer Road,,Glendale,52213
26,"P.O. Box 406, 8822 Felis Av.",970-4924 Turpis. Road,Little Rock,14754
27,788-4512 Libero Avenue,,Columbus,41907
28,364-4078 Cras Street,,Glendale,64326
29,"P.O. Box 698, 4924 Erat Rd.",,Des Moines,36503
30,529-8388 Aliquam St.,,Southaven,94325
31,Ap #284-453 Ultricies Road,,Indianapolis,44881
32,Ap #509-2110 Morbi Street,,Pike Creek,86360
33,4725 Nunc. Street,,Broken Arrow,31347
34,Ap #141-9156 Semper St.,,Grand Island,35251
35,"7732 Convallis, St.",,Norman,68606
36,990-3204 Sed Av.,,Lexington,37046
37,Ap #702-3902 Pharetra. Street,,Miami,33836
38,148-4560 Nullam Avenue,,Augusta,66633
39,"P.O. Box 756, 8554 Tempor St.",,Richmond,90122
40,Ap #130-6666 Parturient Rd.,,Anchorage,26118
41,339-6435 Vel Street,,Nashville,85746
42,650-9638 Viverra. St.,,Columbia,69744
43,7702 Nibh Avenue,,Colchester,16236
44,673-5231 Conubia Avenue,Ap #109-9170 Sed Av.,Cleveland,90784
45,405-3741 Vitae Rd.,,Southaven,94501
46,Ap #291-3018 Donec Ave,,Broken Arrow,51735
47,Ap #157-2218 Ultricies Road,,Stamford,91182
48,466-5713 Neque. Ave,,Iowa City,35393
49,"P.O. Box 240, 538 Sed Rd.",,Owensboro,27720
50,221-9672 Vel St.,"P.O. Box 975, 5065 Lectus Rd.",Davenport,85132
51,Ap #119-7435 Eget Road,,Lakewood,97131
52,357-823 Sem Av.,,San Diego,23861
53,Ap #246-3317 Proin Street,,Toledo,62241
54,5942 Etiam Rd.,,Lansing,36835
55,519-3091 Quam. Ave,,Rochester,47318
56,519-7541 Nunc Avenue,,Des Moines,16636
57,Ap #776-331 Dui. Avenue,,Annapolis,29283
58,720-3445 Gravida Avenue,,Gulfport,57139
59,6049 Ut St.,,Sterling Heights,36288
60,"P.O. Box 955, 4836 Iaculis Av.",,Tuscaloosa,67757
61,"7399 Tincidunt, Rd.",,West Valley City,57843
62,256-232 Vitae Avenue,,Austin,87695
63,728-2418 Aptent Street,,Lafayette,83743
64,339-890 Mauris St.,,Nampa,71959
65,820-9282 Parturient Av.,,Juneau,22261
66,"P.O. Box 648, 898 Sit Avenue",,Wichita,25472
67,"P.O. Box 856, 395 Mauris Rd.",,Frederick,77745
68,"P.O. Box 277, 9875 Ornare Avenue",,Bellevue,56127
69,353-7050 Ridiculus St.,,Kansas City,42807
70,Ap #377-4016 Mi Rd.,,Portland,42375
71,Ap #747-1147 Vel Av.,,Philadelphia,64688
72,334-2880 Gravida St.,,Knoxville,38835
73,1148 Ipsum. Ave,,Henderson,84249
74,"P.O. Box 957, 6894 Eu, Road",,San Diego,24262
75,"P.O. Box 165, 5421 Libero. Av.",,Akron,63265
76,"1832 A, Rd.",,Chattanooga,42556
77,Ap #931-5294 Dictum Ave,,New Orleans,47608
78,Ap #170-7223 Adipiscing Rd.,,Bridgeport,77126
79,547-463 Curabitur Road,,Anchorage,36323
80,Ap #334-8258 Sed Ave,,Iowa City,81496
81,"339-8906 Tincidunt, Road",,West Jordan,40160
82,Ap #879-1462 Rutrum St.,,Boise,62822
83,Ap #176-6497 Etiam St.,,Jefferson City,62387
84,495-4411 Lobortis Av.,,Lowell,55767
85,"P.O. Box 127, 9028 Luctus Road",,Spokane,99628
86,3581 Mauris Av.,,Kenosha,22232
87,682-1427 Sapien. Ave,,Cheyenne,29142
88,"P.O. Box 607, 8696 Semper Road",,Rock Springs,23767
89,700-8804 Pellentesque Rd.,,Miami,19432
90,946-4598 Fermentum Road,,Austin,35078
91,7473 Nascetur Rd.,,Knoxville,64477
92,1081 Luctus Avenue,,Fresno,42762
93,885-9990 Proin Avenue,,West Valley City,85933
94,"P.O. Box 365, 7541 Nec Road",,Nampa,67172
95,"P.O. Box 862, 922 Laoreet Ave",,San Antonio,72358
96,"P.O. Box 859, 6634 Ut Road",,Warren,72491
97,465-5419 Curabitur Rd.,,Allentown,23430
98,9206 Pede. Street,,Augusta,32743
99,"P.O. Box 837, 4252 Ullamcorper. St.",,Richmond,47287
100,Ap #579-2675 Pellentesque Av.,,Little Rock,86421
101,983-8295 Elit Road,,Dover,31554
102,993-9729 Massa. Road,,Huntsville,65778
103,"627-4407 Dui, St.",,Madison,81984
104,583-7878 Sem Rd.,,Honolulu,75221
105,180-3574 Ligula Av.,,Nashville,34796
106,685-7379 Eget St.,,Hillsboro,16772
107,"P.O. Box 985, 9524 Nulla Rd.",,Omaha,10685
108,"P.O. Box 800, 9928 Sit Ave",,Harrisburg,76561
109,Ap #341-5699 Nunc Road,,Tuscaloosa,84241
110,307-2977 Adipiscing Rd.,,Reno,85428
111,561-3796 Nunc Street,,St. Petersburg,85421
112,Ap #597-2741 Diam Street,,Norfolk,79204
113,Ap #358-3306 Rhoncus. Street,,Salem,11277
114,325-7489 Duis St.,,Newport News,69241
115,"P.O. Box 506, 2607 Ipsum. Av.",,Montpelier,66642
116,"P.O. Box 850, 8274 Ultrices. St.",,Birmingham,62426
117,4180 Ut Av.,,Lewiston,88352
118,"Ap #715-993 Eu, Rd.",,Cheyenne,36601
119,854-7206 Sed Road,,Jefferson City,58576
120,542-9695 Non Ave,,Springfield,96558
121,7764 Dolor Avenue,,Idaho Falls,38603
122,"7866 Elementum, Street",,Chicago,26115
123,1761 Suspendisse Road,,Idaho Falls,66740
124,"P.O. Box 766, 1544 Lacinia St.",,Norfolk,93593
125,"P.O. Box 149, 6871 Id, Avenue",,San Diego,41088
126,Ap #610-7076 Sed St.,,Davenport,63815
127,217-4681 Quisque Rd.,,Minneapolis,64356
128,"Ap #857-7957 Ac, Rd.",,Chandler,97783
129,Ap #957-3802 Eu St.,,Kaneohe,57941
130,"P.O. Box 140, 7377 Lacus, Ave",,Aurora,61324
131,447-8737 Libero Road,,Bear,97813
132,Ap #229-7927 Volutpat Rd.,,Boise,36631
133,Ap #842-6516 Nunc Rd.,,Indianapolis,58064
134,282-8634 Non Av.,,Wyoming,57033
135,Ap #377-1064 Tincidunt Avenue,,Lewiston,47426
136,951-4840 At St.,,Birmingham,71882
137,"P.O. Box 346, 2525 Consectetuer, Ave",,Covington,31637
138,Ap #187-2589 Id Rd.,,Gaithersburg,71176
139,745-3799 Eu Rd.,,Columbia,12196
140,"Ap #988-9872 At, Ave",,South Bend,73042
141,9700 Sit Rd.,,Biloxi,70811
142,Ap #765-8665 A St.,,Portland,64745
143,866-8452 Mattis Avenue,,Clarksville,29135
144,Ap #633-5375 Vestibulum Street,,Norfolk,20294
145,"Ap #821-889 Eu, Av.",,Vancouver,17365
146,Ap #973-1562 Aliquam Rd.,,Ketchikan,21027
147,702-6022 A Road,,Broken Arrow,65128
148,143-8144 Penatibus Road,,Salt Lake City,49025
149,627-7109 Ut St.,,Montpelier,38217
150,425-2500 Duis Av.,,Grand Island,58870
151,270-6941 Risus Street,,West Valley City,44170
152,Ap #840-9680 Non Ave,,Paradise,53244
153,Ap #804-6404 Fermentum Av.,,Allentown,39387
154,Ap #929-1210 Vestibulum Ave,,Anchorage,82263
155,Ap #104-7467 Ut Ave,863-6736 Augue St.,Chattanooga,33744
156,Ap #168-8860 Nunc Avenue,Ap #704-3702 Phasellus Rd.,Evansville,21252
157,"Ap #966-5843 Tincidunt, St.",,Miami,85872
158,"662-9890 Mi, Street",,Bellevue,17435
159,638-7091 Augue. Street,,College,85789
160,209-4987 Semper Road,,Fort Worth,54608
161,543-3992 Turpis. Street,,West Jordan,38759
162,6283 Cum Street,,Grand Rapids,17114
163,Ap #957-5644 Egestas Road,,Southaven,72187
164,"P.O. Box 802, 3040 Aliquam Ave",,Boston,20741
165,Ap #358-8530 Aliquam Street,,Sandy,23297
166,Ap #643-6920 Neque Road,,College,71721
167,Ap #124-2294 Tellus Rd.,,Savannah,75588
168,"P.O. Box 274, 2596 Purus. Ave",,Kansas City,72495
169,475-6332 Nec Street,,Carson City,88505
170,Ap #212-9786 Vestibulum St.,,Rockford,43551
171,Ap #900-9344 Dui. Rd.,,Helena,71668
172,880-6121 Sed St.,,Los Angeles,91324
173,738-728 Phasellus St.,,Sterling Heights,64172
174,452-2525 Malesuada Road,,Norman,47736
175,986-8461 Nulla. St.,,Wyoming,91663
176,148-1939 Ac St.,,Pittsburgh,75350
177,"P.O. Box 175, 8155 Ante St.",,Naperville,99874
178,Ap #714-7947 Magna. Rd.,,Reno,27877
179,919-5789 Curabitur Rd.,,Anchorage,72847
180,487-6324 Sem Rd.,,Juneau,47273
181,"P.O. Box 366, 6437 Sociis St.",,Fort Worth,72752
182,Ap #957-4247 Facilisis Avenue,,Austin,64541
183,"P.O. Box 789, 302 Pharetra. Road",,Atlanta,73518
184,4286 Sit St.,,Toledo,35670
185,Ap #938-6512 Vivamus Road,,Denver,35836
186,Ap #171-1787 Rutrum St.,,Clarksville,12714
187,Ap #492-8587 Nulla Ave,,Tucson,31510
188,Ap #430-8638 Erat Avenue,,Montpelier,35355
189,Ap #578-4423 Molestie Ave,Ap #589-9624 Cras Av.,Meridian,49681
190,624-2335 Metus. Avenue,528-4938 Nec Street,Los Angeles,62121
191,Ap #754-2260 Diam Road,,South Bend,64632
192,"8710 Non, Rd.",,Knoxville,41333
193,828-4110 Commodo Avenue,,Chesapeake,12214
194,"P.O. Box 179, 2263 Dictum Road",,San Jose,13576
195,Ap #393-7402 Tincidunt St.,,Denver,88365
196,Ap #919-1391 Euismod Rd.,,Harrisburg,69358
197,Ap #461-3055 Neque. Ave,,Billings,37191
198,"P.O. Box 387, 1010 Ac, Street",,Iowa City,45523
199,Ap #798-4763 Feugiat. Av.,,Virginia Beach,20528
200,Ap #475-3048 Quam Avenue,,Gulfport,69470
201,562-5898 Sit Ave,,Laramie,45741
202,695-1928 Tellus Street,,Wilmington,72241
203,4374 Sagittis St.,,Kenosha,96578
204,Ap #900-2105 Rutrum Rd.,,Fairbanks,18572
205,129-4162 Lectus Rd.,,San Diego,61168
206,Ap #717-420 Luctus Rd.,Ap #773-2804 Vel Avenue,Colorado Springs,36285
207,"P.O. Box 317, 2394 Penatibus Street",,Naperville,29686
208,Ap #869-8891 Magna. Avenue,,Bowling Green,98554
209,Ap #383-8166 Varius. Rd.,,Kenosha,37673
210,"P.O. Box 629, 3233 Lorem Rd.",,South Burlington,87214
211,946-4743 Vitae St.,,Kansas City,35665
212,326-601 Morbi Street,,Lakewood,32871
213,"6820 Sem, Av.",,Fort Smith,77627
214,790-6709 Donec Rd.,,West Jordan,63883
215,798-4827 Eros Street,,Carson City,94177
216,3040 Hendrerit Street,,Bellevue,28671
217,Ap #971-369 Sapien. St.,,Gary,94823
218,512-8907 Turpis St.,,Augusta,95424
219,106-865 Quis Ave,,San Antonio,41876
220,638-7826 Hymenaeos. Av.,,Henderson,30381
221,237-7869 Lobortis Street,Ap #797-4877 Et Av.,Montgomery,81953
222,"4750 A, Rd.",,Chattanooga,24877
223,Ap #787-8015 Quisque Rd.,,Tucson,24636
224,795-8978 Et Rd.,,Las Vegas,85333
225,514-8971 Malesuada Rd.,,Colorado Springs,49484
226,150-2459 Faucibus Ave,,Stamford,81156
227,Ap #190-8271 Pellentesque Street,9011 Et Avenue,Idaho Falls,38237
228,"918-5376 Ornare, St.",,Tulsa,86702
229,Ap #631-4612 In Ave,,Missoula,53857
230,Ap #151-6645 Curabitur Av.,,Bloomington,50638
231,1296 Duis St.,,Omaha,71347
232,917-8385 Vulputate Rd.,,Rutland,82511
233,Ap #825-4596 Ac Street,,Dover,72223
234,Ap #187-3209 Tristique Road,,Laramie,27727
235,"P.O. Box 320, 3553 Vitae St.",,Jackson,42231
236,820-1640 Sed Ave,,Meridian,41977
237,Ap #101-7104 Luctus Road,,Chandler,64136
238,164-1574 Augue Ave,777-3637 Ante. Rd.,Jackson,68954
239,3237 Nibh. Rd.,380-5797 Aliquet. Ave,Iowa City,31534
240,925-2098 Justo. St.,,Des Moines,73485
241,108-3063 Magna. Street,,Pocatello,77338
242,371-9014 Quam. Av.,,Joliet,61081
243,"Ap #610-2333 Elementum, Rd.",,Norman,15917
244,Ap #646-2173 Purus. Avenue,,Kansas City,63658
245,180-1067 Nec Avenue,,Fort Smith,77742
246,"P.O. Box 965, 1549 Ut, Rd.",,Green Bay,94444
247,832-7102 Convallis St.,,Gulfport,95430
248,325-411 Augue Avenue,,Henderson,87026
249,Ap #378-7338 Dis Street,,Fresno,91433
250,Ap #872-9900 Amet Avenue,,Detroit,77121
251,Ap #181-3403 Lectus St.,Ap #674-6209 Lorem. St.,Birmingham,24878
252,573-8414 Ante Av.,,Aurora,57965
253,397-7370 Class Avenue,,Kaneohe,36635
254,"P.O. Box 350, 4853 Quisque Rd.",,Indianapolis,97354
255,Ap #171-2382 Sed Av.,,Southaven,85152
256,502-7304 Tellus. Road,,Green Bay,36722
257,"913-2905 Vulputate, Road",,Cheyenne,35527
258,"P.O. Box 781, 663 Et Road",,Virginia Beach,78907
259,Ap #283-4196 Sed Road,,Cedar Rapids,59566
260,Ap #838-6100 Consequat Avenue,,Philadelphia,27556
261,382-4126 Sed Street,,Austin,82148
262,"P.O. Box 126, 4381 Urna Av.",,San Jose,21827
263,117-4627 Ultrices St.,,Gulfport,53366
264,612-5241 Amet Street,,Indianapolis,44162
265,8497 Dictum Ave,,Bridgeport,47149
266,Ap #514-7855 Nunc St.,,Oklahoma City,36863
267,9254 Lobortis Street,,Reading,75052
268,Ap #692-2821 Purus Avenue,,San Jose,20687
269,"P.O. Box 792, 3121 Lobortis Road",,Carson City,11151
270,4465 Vestibulum St.,,Hilo,42772
271,220-9360 Nulla Rd.,,Bloomington,41276
272,Ap #922-5385 In Avenue,,College,72287
273,983 Duis St.,,Lafayette,66375
274,8915 Vitae Av.,,Kapolei,16285
275,323-1053 Nec Avenue,,Minneapolis,34418
276,162-5844 Bibendum Rd.,,Tuscaloosa,36683
277,Ap #565-3793 Sem Rd.,,Gulfport,66613
278,665-2968 Arcu. St.,994-1672 Aenean Street,Reno,63652
279,"P.O. Box 500, 2274 Gravida. Ave",,Provo,76851
280,"P.O. Box 828, 9400 Rhoncus Rd.",,Memphis,37758
281,219-5001 Feugiat Av.,,Erie,16543
282,143-5798 Turpis Avenue,,Detroit,53755
283,605-5401 Dolor St.,,Augusta,55838
284,"P.O. Box 817, 2466 Malesuada St.",,Kearney,18222
285,6437 Lobortis Av.,,Georgia,97271
286,Ap #916-7918 Vitae St.,,Columbus,83533
287,5755 Duis Road,,Baltimore,21670
288,"P.O. Box 224, 9743 Vitae Rd.",,Sterling Heights,58594
289,525-2815 Nisl St.,,Owensboro,42885
290,Ap #940-9686 Urna. Road,,Oklahoma City,35319
291,158-7770 Sem St.,446-5323 Magna Avenue,Pike Creek,86168
292,Ap #188-5902 Metus. Street,"P.O. Box 534, 2385 Diam. Avenue",Kailua,34366
293,Ap #711-1180 Nunc Avenue,338-4795 Interdum. Av.,Duluth,78736
294,Ap #106-9011 Vivamus Avenue,,Fort Collins,26414
295,Ap #673-6533 Ligula Avenue,,New Orleans,66732
296,Ap #357-3588 Dignissim St.,,Dover,98499
297,"P.O. Box 122, 1691 Duis Rd.",,Wilmington,82312
298,Ap #787-8119 Ultrices Ave,,Nashville,56695
299,Ap #348-9819 Primis Ave,"P.O. Box 673, 112 Lectus Avenue",Grand Island,56927
300,9465 Euismod Ave,815-6064 Risus. Road,Helena,21125
